-- phpMyAdmin SQL Dump
-- version 4.6.5.2
-- https://www.phpmyadmin.net/
--
-- Servidor: 127.0.0.1
-- Tiempo de generación: 23-05-2017 a las 04:28:25
-- Versión del servidor: 10.1.21-MariaDB
-- Versión de PHP: 5.6.30

SET SQL_MODE = "NO_AUTO_VALUE_ON_ZERO";
SET time_zone = "+00:00";


/*!40101 SET @OLD_CHARACTER_SET_CLIENT=@@CHARACTER_SET_CLIENT */;
/*!40101 SET @OLD_CHARACTER_SET_RESULTS=@@CHARACTER_SET_RESULTS */;
/*!40101 SET @OLD_COLLATION_CONNECTION=@@COLLATION_CONNECTION */;
/*!40101 SET NAMES utf8mb4 */;

--
-- Base de datos: `col1`
--

-- --------------------------------------------------------

--
-- Estructura de tabla para la tabla `aporte`
--

CREATE TABLE `aporte` (
  `codigo_apo` bigint(10) NOT NULL,
  `fechaenvio_apo` date DEFAULT NULL,
  `fechaentrega_apo` date NOT NULL,
  `observacion_apo` varchar(3000) DEFAULT NULL,
  `codigo_mat` bigint(10) DEFAULT NULL
) ENGINE=InnoDB DEFAULT CHARSET=latin1;

--
-- Volcado de datos para la tabla `aporte`
--

INSERT INTO `aporte` (`codigo_apo`, `fechaenvio_apo`, `fechaentrega_apo`, `observacion_apo`, `codigo_mat`) VALUES
(1, '2017-05-22', '2017-05-26', 'Deber de ingles', 1),
(3, '2017-05-22', '2017-05-26', 'Ejercicios 2', 9);

-- --------------------------------------------------------

--
-- Estructura de tabla para la tabla `asistencia`
--

CREATE TABLE `asistencia` (
  `codigo_asi` bigint(10) NOT NULL,
  `fecha_asi` date DEFAULT NULL,
  `hora_asi` varchar(15) DEFAULT NULL,
  `observacion_asi` varchar(1000) DEFAULT NULL,
  `codigo_mat` bigint(10) DEFAULT NULL
) ENGINE=InnoDB DEFAULT CHARSET=latin1;

--
-- Volcado de datos para la tabla `asistencia`
--

INSERT INTO `asistencia` (`codigo_asi`, `fecha_asi`, `hora_asi`, `observacion_asi`, `codigo_mat`) VALUES
(31, '2017-05-01', '15:58:46', '', 12),
(32, '2017-05-01', '18:05:55', '', 8),
(34, '2017-05-01', '19:07:41', '', 8),
(35, '2017-05-01', '19:25:46', '', 8),
(36, '2017-05-02', '11:44:48', 'Asistencia normal', 8),
(37, '2017-05-02', '11:45:45', 'hkhlihkhhi', 12),
(38, '2017-05-02', '11:48:44', '', 8),
(39, '2017-05-02', '11:49:16', '', 8),
(40, '2017-05-22', '13:17:46', 'Asistencia Normal', 1),
(41, '2017-05-22', '17:47:15', 'aaaaa', 9);

-- --------------------------------------------------------

--
-- Estructura de tabla para la tabla `calificacionaporte`
--

CREATE TABLE `calificacionaporte` (
  `codigo_ca` bigint(10) NOT NULL,
  `calificacion_ca` float DEFAULT NULL,
  `observacion_ca` varchar(3000) NOT NULL,
  `codigo_apo` bigint(10) DEFAULT NULL,
  `codigo_est` bigint(10) DEFAULT NULL
) ENGINE=InnoDB DEFAULT CHARSET=latin1;

--
-- Volcado de datos para la tabla `calificacionaporte`
--

INSERT INTO `calificacionaporte` (`codigo_ca`, `calificacion_ca`, `observacion_ca`, `codigo_apo`, `codigo_est`) VALUES
(1, -1, 'prueba1', 1, 2),
(2, -1, '', 1, 3),
(3, -1, '', 1, 70),
(4, -1, '', 1, 4),
(5, -1, '', 1, 5),
(6, -1, '', 1, 71),
(7, -1, '', 1, 6),
(8, -1, '', 1, 7),
(9, -1, '', 1, 8),
(10, -1, '', 1, 9),
(11, -1, '', 1, 10),
(12, -1, '', 1, 11),
(13, -1, '', 1, 12),
(14, -1, '', 1, 13),
(15, -1, '', 1, 67),
(16, -1, '', 1, 68),
(17, -1, '', 1, 14),
(18, -1, '', 1, 15),
(19, -1, '', 1, 16),
(20, -1, '', 1, 17),
(21, -1, '', 1, 18),
(22, -1, '', 1, 19),
(23, -1, '', 1, 20),
(24, -1, '', 1, 21),
(25, -1, '', 1, 69),
(26, -1, '', 1, 22),
(27, -1, '', 1, 23),
(28, -1, '', 1, 24),
(29, -1, '', 1, 1),
(30, -1, '', 1, 25),
(31, -1, '', 1, 26),
(32, -1, '', 1, 27),
(33, -1, '', 1, 28),
(34, -1, '', 1, 29),
(35, -1, '', 1, 30),
(36, -1, '', 1, 31),
(37, -1, '', 1, 32),
(44, 0, 'No entrega', 3, 104),
(45, 2, '', 3, 105),
(46, 3, '', 3, 106),
(47, 4, '', 3, 107),
(48, 5, '', 3, 108),
(49, 6, '', 3, 109);

-- --------------------------------------------------------

--
-- Estructura de tabla para la tabla `calificaciondisciplina`
--

CREATE TABLE `calificaciondisciplina` (
  `codigo_cd` bigint(10) NOT NULL,
  `calificacion_cd` float NOT NULL,
  `observacion_cd` varchar(3000) DEFAULT NULL,
  `codigo_dis` bigint(10) DEFAULT NULL,
  `codigo_est` bigint(10) DEFAULT NULL
) ENGINE=InnoDB DEFAULT CHARSET=latin1;

--
-- Volcado de datos para la tabla `calificaciondisciplina`
--

INSERT INTO `calificaciondisciplina` (`codigo_cd`, `calificacion_cd`, `observacion_cd`, `codigo_dis`, `codigo_est`) VALUES
(7, 1, 'Final del Primer Quimestre', 5, 104),
(8, 2, 'Final del Primer Quimestre', 5, 105),
(9, 3, 'Final del Primer Quimestre', 5, 106),
(10, 4, 'Final del Primer Quimestre', 5, 107),
(11, 5, 'Final del Primer Quimestre', 5, 108),
(12, 6, 'Final del Primer Quimestre', 5, 109),
(13, 8.5, 'Hola 1', 6, 104),
(14, 9, 'hola 2', 6, 105),
(15, 6, 'hola 3', 6, 106),
(16, 3, ' hola 4', 6, 107),
(17, 7, ' hola 5', 6, 108),
(18, 8.9, 'Adios', 6, 109);

-- --------------------------------------------------------

--
-- Estructura de tabla para la tabla `comunicado`
--

CREATE TABLE `comunicado` (
  `codigo_com` bigint(10) NOT NULL,
  `mensaje_com` text,
  `fecha_com` date DEFAULT NULL,
  `codigo_mat` bigint(10) DEFAULT NULL
) ENGINE=InnoDB DEFAULT CHARSET=latin1;

--
-- Volcado de datos para la tabla `comunicado`
--

INSERT INTO `comunicado` (`codigo_com`, `mensaje_com`, `fecha_com`, `codigo_mat`) VALUES
(4, 'Mensaje de Prueba', '2017-05-22', 9),
(5, 'Mensaje Individual', '2017-05-22', 9);

-- --------------------------------------------------------

--
-- Estructura de tabla para la tabla `curso`
--

CREATE TABLE `curso` (
  `codigo_cur` bigint(10) NOT NULL,
  `nombre_cur` varchar(100) DEFAULT NULL,
  `paralelo_cur` varchar(10) DEFAULT NULL,
  `codigo_per` bigint(10) DEFAULT NULL,
  `codigo_usu` bigint(10) DEFAULT NULL,
  `seccion_cur` varchar(100) NOT NULL
) ENGINE=InnoDB DEFAULT CHARSET=latin1;

--
-- Volcado de datos para la tabla `curso`
--

INSERT INTO `curso` (`codigo_cur`, `nombre_cur`, `paralelo_cur`, `codigo_per`, `codigo_usu`, `seccion_cur`) VALUES
(1, 'Primero', 'A', 2, 2, 'Colegio'),
(2, 'Segundo', 'A', 2, 3, 'Colegio'),
(4, 'Tercero', 'B', 2, 3, 'Escuela'),
(5, 'Primero', 'A', 6, 3, ''),
(6, 'Noveno', 'UNICO', 2, 148, 'Escuela');

-- --------------------------------------------------------

--
-- Estructura de tabla para la tabla `disciplina`
--

CREATE TABLE `disciplina` (
  `codigo_dis` bigint(10) NOT NULL,
  `fecha_dis` date DEFAULT NULL,
  `observacion_dis` varchar(3000) DEFAULT NULL,
  `codigo_mat` bigint(10) DEFAULT NULL
) ENGINE=InnoDB DEFAULT CHARSET=latin1;

--
-- Volcado de datos para la tabla `disciplina`
--

INSERT INTO `disciplina` (`codigo_dis`, `fecha_dis`, `observacion_dis`, `codigo_mat`) VALUES
(5, '2017-05-22', 'Final del Primer Quimestre', 9),
(6, '2017-05-22', 'test 1', 9);

-- --------------------------------------------------------

--
-- Estructura de tabla para la tabla `estudiante`
--

CREATE TABLE `estudiante` (
  `codigo_est` bigint(10) NOT NULL,
  `nombre_est` varchar(500) DEFAULT NULL,
  `cedula_est` varchar(15) DEFAULT NULL,
  `fechanacimiento_est` date DEFAULT NULL,
  `direccion_est` varchar(1000) DEFAULT NULL,
  `lugarnacimiento_est` varchar(1000) DEFAULT NULL,
  `nombrepadre_est` varchar(500) DEFAULT NULL,
  `cedulapadre_est` varchar(15) DEFAULT NULL,
  `nombremadre_est` varchar(500) DEFAULT NULL,
  `cedulamadre_est` varchar(15) DEFAULT NULL,
  `codigo_cur` bigint(10) DEFAULT NULL,
  `codigo_usu` bigint(10) DEFAULT NULL
) ENGINE=InnoDB DEFAULT CHARSET=latin1;

--
-- Volcado de datos para la tabla `estudiante`
--

INSERT INTO `estudiante` (`codigo_est`, `nombre_est`, `cedula_est`, `fechanacimiento_est`, `direccion_est`, `lugarnacimiento_est`, `nombrepadre_est`, `cedulapadre_est`, `nombremadre_est`, `cedulamadre_est`, `codigo_cur`, `codigo_usu`) VALUES
(1, 'SANCHEZ GARCIA JAIME JOSE', '0503440018', '2017-04-27', 'SAQUISILI', 'LATACUNGA', 'APELLIDO PADRE Y NOMBRE', '666', 'APELLIDO MADRE Y NOMBRE', '999', 1, 112),
(2, 'ALANGASI PILA JHOSTIN SNAYDER', '0504457417', '2011-08-26', 'PASTOCALLE-  VIA A LOS ILINIZAS SECTOR (MATANGO)', 'COTOPAXI /LATACUNGA /LA MATRIZ', 'ALANGASI IZA JUAN CARLOS', '0503155699', 'PILA JACHO LILIANA DEL PILAR', '0503399180', 1, 103),
(3, 'ALCARRAZ TAIPICAÑA MATEO JOSUE', '0504879727', '2011-07-07', 'MULALO - JOSE GUANGO ALTO BARRIO LA LIBERTAD ESQUINA DE UN TRANSFORMADOR', 'COTOPAXI / LATACUNGA / LA MATRIZ', '', '', 'ROSA MERCEDES TAIPICAÑA', '0501984371', 1, 104),
(4, 'ALMACHI PUCUJI STIVEN FERNANDO', '0504665225', '2011-08-20', 'TANDALIVI VIA PRINCIPAL DE LA BRIGADA  A MULALO', 'COTOPAXI / LATACUNGA / LA MATRIZ', 'PUCUJI ALMACHI DIEGO WILFRIDO', '0503157471', 'PUCUJI CHICAIZA MARIA JOSE', '0503597247', 1, 105),
(5, 'ANALUIZA TOAQUIZA ALISSON SCARLETH', '0550038624', '2011-07-23', 'BARRIO EL BOLICHE CALLE SIMON BOLIVAR SERCA DEL ESTADIO', 'COTOPAXO /LATACUNGA/LA MATRIZ', '', '', 'CRISTINA MARISOL TOAQUIZA CAIZALITIN', '0503345878', 1, 106),
(6, 'BARAHONA QUINAPALLO EMILY VALERIA', '0504616574', '2011-08-16', 'BARRIO CUICUNO FRENTE A LA ESCUELA HERMANOS PAZMIÑO', 'COTOPAXI/LATACUNGA/LA MATRIZ', 'ANGEL BARAHONA', '0502316987', 'MÒNICA QUINAPALLO', '0503088478', 1, 107),
(7, 'CALI LASLUISA JAMILEHT JAHAIRA', '0504867581', '2011-02-01', 'LATACUNGA - COLATOA GRANDE - A 2 CUADRAS DE LA IGLESIA', '', 'CALI TOAPANTA VICTOR GENARO', '0502588286', 'LASLUISA MOLINA MONICA DE LOURDES', '0502366172', 1, 108),
(8, 'CASTRO SAAVEDRA NAIMA DALETH', '0804549012', '2010-10-21', 'VIVIENDA FISCAL BRIGADA PATRIA No. 124', 'ESMERALDAS/ ESMERALDAS/ ESMERALDAS', 'CASTRO ZAMORA LUIS GONZALO', '0802701193', 'SAAVEDRA KLINGER BETTY NARCISA', '0802523613', 1, 109),
(9, 'CATOTA GALLEGOS EVELYN JULEXI', '2350149296', '2011-12-26', 'VILLA BRIGADA PATRIA Nº 24 NORTE', 'SATO DOMINGO DE TSACHILA/SANTO DOMINGO', 'CATOTA CATOTA LUIS ALFREDO', '0502199193', 'GALLEGOS PUNTE ELISA MARGOTH', '0502818693', 1, 110),
(10, 'CHANGOLUISA CATOTA EMILY MAITE', '0550619605', '2011-03-21', 'TANICUCHI BARRIO GOTERAS 5 DE JUNIO A LADO DE LA OSTERIA QUINTA COLORADA', 'COTOPAXI / LATACUNGA / LA MATRIZ', 'CHANGOLUISA QUISHPE GUILLERMO DAVID', '0503879966', 'CATOTA ERIKA', '0503229106', 1, 111),
(11, 'CHICAIZA IZA DOMENICA BELEN', '0550206577', '2011-05-27', 'PASTOCALLE BARRIO SAN BARTOLOME A 1 CUADRA DEL ESTADIO', 'COTOPAIX/LATACUNGA/LA MATRIZ', 'CHICAIZA PILATASIG WASHINGTON GEOVANY', '0502789928', 'IZA SANCHEZ CARMEN BEATRIZ', '0502789936', 1, 112),
(12, 'CHICAIZA IZA MATIAS SEBASTIAN', '0504448713', '2011-06-24', 'PASTOCALLE BARRIO SAN BARTALOME JUNTO AL ESTADIO', 'COTOPAXI / LATACUNGA / LA MATRIZ', 'CHICAIZA PILATASIG EDISON JAVIER', '0503081648', 'IZA SANCHEZ SILVIA VIVIANA', '0503185142', 1, 113),
(13, 'CHIMBA CRUZ MELANY BELEN', '0550341713', '2010-11-18', 'ALAQUEZ VIA 10 DE AGOSTO ALADO ASERRADERO', 'COTOPAXI /LATACUNGA /LA MATRIZ', 'CHIMBA GALLO FERNANDO PAUL', '050307103', ' CRUZ REISANCHO CRISTINA MARIBEL', '0503355075', 1, 114),
(14, 'GUAMANGALLO SIMBA KATHERIN DAYANA', '0504729898', '2011-08-04', 'LAIGUA DE MALDONADO CALLE 10 DE AGOSTO JUNTO A LA PESCA DEPORTIVA', 'COTOPAXI/LATACUNGA/LA MATRIZ', 'GUAMANGALLO MOREANO MIGUEL ANGEL', '0502868078', 'SIMBA ANDRANGO GLADYS ABIGAIL', '0503058760', 1, 115),
(15, 'LAMAR TOAQUIZA KERLY GABRIELA', '0550003446', '2011-02-06', 'PASTOCALLE BARRIO CUILCHE SALAS CALLE 7 DE OCTUBRE', 'COTOPAXI / LATACUNGA / LA MATRIZ', 'LAMAR TOAQUIZA LUIS CARLOS', '0502658347', 'TOAQUIZA TOAQUIZA VIVIANA PATRICIA', '0503933715', 1, 116),
(16, 'LARA RAMIREZ OLGA ABIGAIL', '1751520014', '2011-06-20', 'VIVIENDA FISCAL BRIGADA PATRIA No. 23 NORTE', 'PICHINCHA  - QUITO - ITCHIMBIA', 'LARA OCAMPO NEISER ROLANDO', '0201508306', 'RAMIREZ GUZMAN MARGARITA ROCIO', '0201286291', 1, 117),
(17, 'LLANO CHANGO DILAN ISRAEL', '0504707316', '2011-08-24', 'LASSO BARRIO MANCHENO CALLE 3 DE MAYO A 200M DE LA IGLESIA', 'COTOPAXI /LATACUNGA/IGNACIO FLORES', 'LLANO LAMAR PABLO CESAR', '0503091688', 'PAOLA FERNANDA CHANGO LLANO', '0502997067', 1, 118),
(18, 'LLUMIQUINGA YANCHAGUANO FRANKLIN MATEO', '0504884875', '2011-11-21', 'PATUTAN - SECTOR 5 PANAM. NUEVA  LOCAL DE INTERNET ENTRADA A PATUTAN CALLE SIM R', 'COTOPAXI / LATACUNGA / LA MATRIZ', 'LLUMIQUINGA TOAPANTA FRANKLIN VINICIO', '0502813025', 'YANCHAGUANNO YANCHAGUANO BERTHA CECILIA', '0503583072', 1, 119),
(19, 'MARCALLA TOAPANTA GENESIS MAYTE', '0504726498', '2011-09-06', 'PASTOCALLE BARRIO MATANGO A 2KM DEL PARQUE', 'COTOPAXI/LATACUNGA/IGNACIO FLORES', 'MARCALLA QUINOTOA LUIS RODOLFO', '0502517691', 'TOAPANTA CHILIG GLADY GERMANIA', '0502687718', 1, 120),
(20, 'MORA GODOY LUZ JEYLA', '0750105652', '2011-08-20', 'LAIGUA DE MALDONADO AV. 10 DE AGOSTO', 'EL ORO / MACHALA / MACHALA', 'MORA MITE MANUEL', '0704479799', 'GODOY NARVAEZ SAYRA MAGDALENA', '0706471547', 1, 121),
(21, 'PEÑA MURILLO YELITZA NASHELL', '0504339573', '2011-02-09', 'VIVIENDA FISCAL VILLA:  08 SUR', 'LOS RIOS/QUEVEDO/QUEVEDO', 'PEÑA DANNY', '1803348257', 'MURILLO NERCY', '0503416554', 1, 122),
(22, 'PILA CAIZA SNAYDER PAUL', '0550566061', '2011-02-27', 'PASTOCALLE BARRIO CUILCHE SALAS CALLE 7 DE OCTUBRE', 'COTOPAXI/ LATACUNGA/ LA MATRIZ', 'PILA CHICAIZA DANY PAUL', '0503585796', 'NORMA MARINA CAIZA QUINATOA', '0503401804', 1, 123),
(23, 'QUINATOA TOAPANTA ADONIS ISMAEL', '0504455486', '2011-11-30', 'PASTOCALLE -BARRIO PASTO ALTO VIA PRIINCIPAL', '', 'QUINATOA COMASISIN FREDDY RIGOBERTO', '0503040255', 'TOAPANTA CHILIG ENMA MACLOVIA', '0502902315', 1, 124),
(24, 'RIVERA SEVILLA DANNA CORALIA', '0550043947', '2011-11-26', 'LATACUNGA BARRIO EL CALVARIO CALLE ISLA ESPAÑOLA Y SANTA FE', 'COTOPAXI/LATACUNGA/LA MATRIZ', 'RIVERA CUNALATA JOSE RIGOBERTO', '0502510092', 'SEVILLA BRITO DIGNA CECILIA', '0502433469', 1, 125),
(25, 'SANDOVAL SILVA EMILY ALEXANDRA', '1805465950', '2010-12-16', 'VILLAS FISCALES N°', 'TUNGURAHUA/AMBATO/LA MERCED', 'SANDOVAL BETRAN JORGE VALENTIN', '0502383607', 'SILVA RUIZ VERONICA ALEXANDRA', '0502445885', 1, 126),
(26, 'TACO CAICEDO DAYRON JOSE', '1752785384', '2011-01-24', 'PASTOCALLE BARRIO CUILCHE MIÑO CALLE ESPAÑA VIA AL BOLICHE', 'ESPAÑA / ZARAGOZA', 'TACO SHINGON JOSE MARIA', '0501673990', 'CAICEDO VIRACOCHA GABRIELA DEL CARMEN', '1714568779', 1, 127),
(27, 'TAIPE DEFAZ JUAN SEBASTIAN', '1751404946', '2011-07-09', 'CALLE 24 MAYO CENTRO FRENTE AL ASADERO SANTIAGUITO', 'PICHINCHA  - QUITO - CENTRO HISTORICO', 'TAIPE PEÑAFIEL JUAN ALFREDO', '0502387848', 'DEFAZ CATOTA MIRIAN ELIZABETH', '0502177660', 1, 128),
(28, 'TOAPANTA BURGOS JHALISS VALESKA', '1250166038', '2011-08-08', 'VILLAS FISCALES Nº 50', 'EL ORO -  PASEJE - OCHO A LEON MATRIZ', 'TOAPANTA VIRACOCHA SEGUNDO MARIO', '0502311855', 'BURGOS LOPEZ KARINA ALEXANDRA', '1206102095', 1, 129),
(29, 'TOAPANTA PILA NAYELI MISHELL', '0550049142', '2011-02-08', 'BARRIO BOLICHE FRENTE LA DISTRIBUIDORA DE CEMENTO', 'LATACUNGA/SAN JUAN  DE PASTOCALLE', 'EDISON TOAPANTA TOAQUIZA', '0502905631', 'ROSA MAGDALENA PILA LAMAR', '0502674468', 1, 130),
(30, 'VELASCO CHILUISA EDISON MATEO', '0550413405', '2011-04-30', 'TANDALIVI JUNTO A LA CARROCERIA', 'COTOPAXI /LATACUNGA /LA MATRIZ', '', '', 'CHILUISA QUINALUISA MAYRA JACQUELINE', '0502840861', 1, 131),
(31, 'VERA CENTENO JEFFREY ALEXANDER', '1350295349', '2011-12-08', 'VILLAS BRIGADA PATRIA N.- 16', '', 'VERA RIVAS LIBINGTON ALEXANDER', '1204953754', 'CENTENO CENTENO SILVIA YOLANDA', '0603327800', 1, 132),
(32, 'VILLAMARIN PUCUJI KENNY SEBASTIAN', '0550565352', '2011-07-25', 'PIEDRA COLORADA SECTOR AGUA CLARA', 'COTOPAXI/LATACUNGA/LA MATRIZ', 'JORGE ENRIQUE VILLAMARIN CHASI', '0503237703', 'MAYRA ALEXANDRA PUCUJI GUANOLUISA', '0503496259', 1, 133),
(33, 'AIMACAÑA CHINCHUÑA NAYELY ESTEFANIA', '1755145750', '2010-10-19', 'EL BOLICHE  CALLE 3 DE MAYO  AUNA CUADRA DEL UPC', 'COTOPAXI / LATACUNGA / LA MATRIZ', 'CAIZA ANALUISA OLASTELITA', '1706037445', 'CHINCHUÑA CAIZA LUZ OFELIA', '0503479206', 5, 102),
(34, 'ALANGASI PILA JHOSTIN SNAYDER', '0504457417', '2011-08-26', 'PASTOCALLE-  VIA A LOS ILINIZAS SECTOR (MATANGO)', 'COTOPAXI /LATACUNGA /LA MATRIZ', 'ALANGASI IZA JUAN CARLOS', '0503155699', 'PILA JACHO LILIANA DEL PILAR', '0503399180', 5, 103),
(35, 'ALCARRAZ TAIPICAÑA MATEO JOSUE', '0504879727', '2011-07-07', 'MULALO - JOSE GUANGO ALTO BARRIO LA LIBERTAD ESQUINA DE UN TRANSFORMADOR', 'COTOPAXI / LATACUNGA / LA MATRIZ', '', '', 'ROSA MERCEDES TAIPICAÑA', '0501984371', 5, 104),
(36, 'ALMACHI PUCUJI STIVEN FERNANDO', '0504665225', '2011-08-20', 'TANDALIVI VIA PRINCIPAL DE LA BRIGADA  A MULALO', 'COTOPAXI / LATACUNGA / LA MATRIZ', 'PUCUJI ALMACHI DIEGO WILFRIDO', '0503157471', 'PUCUJI CHICAIZA MARIA JOSE', '0503597247', 5, 105),
(37, 'ANALUIZA TOAQUIZA ALISSON SCARLETH', '0550038624', '2011-07-23', 'BARRIO EL BOLICHE CALLE SIMON BOLIVAR SERCA DEL ESTADIO', 'COTOPAXO /LATACUNGA/LA MATRIZ', '', '', 'CRISTINA MARISOL TOAQUIZA CAIZALITIN', '0503345878', 5, 106),
(38, 'BARAHONA QUINAPALLO EMILY VALERIA', '0504616574', '2011-08-16', 'BARRIO CUICUNO FRENTE A LA ESCUELA HERMANOS PAZMIÑO', 'COTOPAXI/LATACUNGA/LA MATRIZ', 'ANGEL BARAHONA', '0502316987', 'MÒNICA QUINAPALLO', '0503088478', 5, 107),
(39, 'CALI LASLUISA JAMILEHT JAHAIRA', '0504867581', '2011-02-01', 'LATACUNGA - COLATOA GRANDE - A 2 CUADRAS DE LA IGLESIA', '', 'CALI TOAPANTA VICTOR GENARO', '0502588286', 'LASLUISA MOLINA MONICA DE LOURDES', '0502366172', 5, 108),
(40, 'CASTRO SAAVEDRA NAIMA DALETH', '0804549012', '2010-10-21', 'VIVIENDA FISCAL BRIGADA PATRIA No. 124', 'ESMERALDAS/ ESMERALDAS/ ESMERALDAS', 'CASTRO ZAMORA LUIS GONZALO', '0802701193', 'SAAVEDRA KLINGER BETTY NARCISA', '0802523613', 5, 109),
(41, 'CATOTA GALLEGOS EVELYN JULEXI', '2350149296', '2011-12-26', 'VILLA BRIGADA PATRIA Nº 24 NORTE', 'SATO DOMINGO DE TSACHILA/SANTO DOMINGO', 'CATOTA CATOTA LUIS ALFREDO', '0502199193', 'GALLEGOS PUNTE ELISA MARGOTH', '0502818693', 5, 110),
(42, 'CHANGOLUISA CATOTA EMILY MAITE', '0550619605', '2011-03-21', 'TANICUCHI BARRIO GOTERAS 5 DE JUNIO A LADO DE LA OSTERIA QUINTA COLORADA', 'COTOPAXI / LATACUNGA / LA MATRIZ', 'CHANGOLUISA QUISHPE GUILLERMO DAVID', '0503879966', 'CATOTA ERIKA', '0503229106', 5, 111),
(43, 'CHICAIZA IZA DOMENICA BELEN', '0550206577', '2011-05-27', 'PASTOCALLE BARRIO SAN BARTOLOME A 1 CUADRA DEL ESTADIO', 'COTOPAIX/LATACUNGA/LA MATRIZ', 'CHICAIZA PILATASIG WASHINGTON GEOVANY', '0502789928', 'IZA SANCHEZ CARMEN BEATRIZ', '0502789936', 5, 112),
(44, 'CHICAIZA IZA MATIAS SEBASTIAN', '0504448713', '2011-06-24', 'PASTOCALLE BARRIO SAN BARTALOME JUNTO AL ESTADIO', 'COTOPAXI / LATACUNGA / LA MATRIZ', 'CHICAIZA PILATASIG EDISON JAVIER', '0503081648', 'IZA SANCHEZ SILVIA VIVIANA', '0503185142', 5, 113),
(45, 'CHIMBA CRUZ MELANY BELEN', '0550341713', '2010-11-18', 'ALAQUEZ VIA 10 DE AGOSTO ALADO ASERRADERO', 'COTOPAXI /LATACUNGA /LA MATRIZ', 'CHIMBA GALLO FERNANDO PAUL', '050307103', ' CRUZ REISANCHO CRISTINA MARIBEL', '0503355075', 5, 114),
(46, 'GUAMANGALLO SIMBA KATHERIN DAYANA', '0504729898', '2011-08-04', 'LAIGUA DE MALDONADO CALLE 10 DE AGOSTO JUNTO A LA PESCA DEPORTIVA', 'COTOPAXI/LATACUNGA/LA MATRIZ', 'GUAMANGALLO MOREANO MIGUEL ANGEL', '0502868078', 'SIMBA ANDRANGO GLADYS ABIGAIL', '0503058760', 5, 115),
(47, 'LAMAR TOAQUIZA KERLY GABRIELA', '0550003446', '2011-02-06', 'PASTOCALLE BARRIO CUILCHE SALAS CALLE 7 DE OCTUBRE', 'COTOPAXI / LATACUNGA / LA MATRIZ', 'LAMAR TOAQUIZA LUIS CARLOS', '0502658347', 'TOAQUIZA TOAQUIZA VIVIANA PATRICIA', '0503933715', 5, 116),
(48, 'LARA RAMIREZ OLGA ABIGAIL', '1751520014', '2011-06-20', 'VIVIENDA FISCAL BRIGADA PATRIA No. 23 NORTE', 'PICHINCHA  - QUITO - ITCHIMBIA', 'LARA OCAMPO NEISER ROLANDO', '0201508306', 'RAMIREZ GUZMAN MARGARITA ROCIO', '0201286291', 5, 117),
(49, 'LLANO CHANGO DILAN ISRAEL', '0504707316', '2011-08-24', 'LASSO BARRIO MANCHENO CALLE 3 DE MAYO A 200M DE LA IGLESIA', 'COTOPAXI /LATACUNGA/IGNACIO FLORES', 'LLANO LAMAR PABLO CESAR', '0503091688', 'PAOLA FERNANDA CHANGO LLANO', '0502997067', 5, 118),
(50, 'LLUMIQUINGA YANCHAGUANO FRANKLIN MATEO', '0504884875', '2011-11-21', 'PATUTAN - SECTOR 5 PANAM. NUEVA  LOCAL DE INTERNET ENTRADA A PATUTAN CALLE SIM R', 'COTOPAXI / LATACUNGA / LA MATRIZ', 'LLUMIQUINGA TOAPANTA FRANKLIN VINICIO', '0502813025', 'YANCHAGUANNO YANCHAGUANO BERTHA CECILIA', '0503583072', 5, 119),
(51, 'MARCALLA TOAPANTA GENESIS MAYTE', '0504726498', '2011-09-06', 'PASTOCALLE BARRIO MATANGO A 2KM DEL PARQUE', 'COTOPAXI/LATACUNGA/IGNACIO FLORES', 'MARCALLA QUINOTOA LUIS RODOLFO', '0502517691', 'TOAPANTA CHILIG GLADY GERMANIA', '0502687718', 5, 120),
(52, 'MORA GODOY LUZ JEYLA', '0750105652', '2011-08-20', 'LAIGUA DE MALDONADO AV. 10 DE AGOSTO', 'EL ORO / MACHALA / MACHALA', 'MORA MITE MANUEL', '0704479799', 'GODOY NARVAEZ SAYRA MAGDALENA', '0706471547', 5, 121),
(53, 'PEÑA MURILLO YELITZA NASHELL', '0504339573', '2011-02-09', 'VIVIENDA FISCAL VILLA:  08 SUR', 'LOS RIOS/QUEVEDO/QUEVEDO', 'PEÑA DANNY', '1803348257', 'MURILLO NERCY', '0503416554', 5, 122),
(54, 'PILA CAIZA SNAYDER PAUL', '0550566061', '2011-02-27', 'PASTOCALLE BARRIO CUILCHE SALAS CALLE 7 DE OCTUBRE', 'COTOPAXI/ LATACUNGA/ LA MATRIZ', 'PILA CHICAIZA DANY PAUL', '0503585796', 'NORMA MARINA CAIZA QUINATOA', '0503401804', 5, 123),
(55, 'QUINATOA TOAPANTA ADONIS ISMAEL', '0504455486', '2011-11-30', 'PASTOCALLE -BARRIO PASTO ALTO VIA PRIINCIPAL', '', 'QUINATOA COMASISIN FREDDY RIGOBERTO', '0503040255', 'TOAPANTA CHILIG ENMA MACLOVIA', '0502902315', 5, 124),
(56, 'RIVERA SEVILLA DANNA CORALIA', '0550043947', '2011-11-26', 'LATACUNGA BARRIO EL CALVARIO CALLE ISLA ESPAÑOLA Y SANTA FE', 'COTOPAXI/LATACUNGA/LA MATRIZ', 'RIVERA CUNALATA JOSE RIGOBERTO', '0502510092', 'SEVILLA BRITO DIGNA CECILIA', '0502433469', 5, 125),
(57, 'SANDOVAL SILVA EMILY ALEXANDRA', '1805465950', '2010-12-16', 'VILLAS FISCALES N°', 'TUNGURAHUA/AMBATO/LA MERCED', 'SANDOVAL BETRAN JORGE VALENTIN', '0502383607', 'SILVA RUIZ VERONICA ALEXANDRA', '0502445885', 5, 126),
(58, 'TACO CAICEDO DAYRON JOSE', '1752785384', '2011-01-24', 'PASTOCALLE BARRIO CUILCHE MIÑO CALLE ESPAÑA VIA AL BOLICHE', 'ESPAÑA / ZARAGOZA', 'TACO SHINGON JOSE MARIA', '0501673990', 'CAICEDO VIRACOCHA GABRIELA DEL CARMEN', '1714568779', 5, 127),
(59, 'TAIPE DEFAZ JUAN SEBASTIAN', '1751404946', '2011-07-09', 'CALLE 24 MAYO CENTRO FRENTE AL ASADERO SANTIAGUITO', 'PICHINCHA  - QUITO - CENTRO HISTORICO', 'TAIPE PEÑAFIEL JUAN ALFREDO', '0502387848', 'DEFAZ CATOTA MIRIAN ELIZABETH', '0502177660', 5, 128),
(60, 'TOAPANTA BURGOS JHALISS VALESKA', '1250166038', '2011-08-08', 'VILLAS FISCALES Nº 50', 'EL ORO -  PASEJE - OCHO A LEON MATRIZ', 'TOAPANTA VIRACOCHA SEGUNDO MARIO', '0502311855', 'BURGOS LOPEZ KARINA ALEXANDRA', '1206102095', 5, 129),
(61, 'TOAPANTA PILA NAYELI MISHELL', '0550049142', '2011-02-08', 'BARRIO BOLICHE FRENTE LA DISTRIBUIDORA DE CEMENTO', 'LATACUNGA/SAN JUAN  DE PASTOCALLE', 'EDISON TOAPANTA TOAQUIZA', '0502905631', 'ROSA MAGDALENA PILA LAMAR', '0502674468', 5, 130),
(62, 'VELASCO CHILUISA EDISON MATEO', '0550413405', '2011-04-30', 'TANDALIVI JUNTO A LA CARROCERIA', 'COTOPAXI /LATACUNGA /LA MATRIZ', '', '', 'CHILUISA QUINALUISA MAYRA JACQUELINE', '0502840861', 5, 131),
(63, 'VERA CENTENO JEFFREY ALEXANDER', '1350295349', '2011-12-08', 'VILLAS BRIGADA PATRIA N.- 16', '', 'VERA RIVAS LIBINGTON ALEXANDER', '1204953754', 'CENTENO CENTENO SILVIA YOLANDA', '0603327800', 5, 132),
(64, 'VILLAMARIN PUCUJI KENNY SEBASTIAN', '0550565352', '2011-07-25', 'PIEDRA COLORADA SECTOR AGUA CLARA', 'COTOPAXI/LATACUNGA/LA MATRIZ', 'JORGE ENRIQUE VILLAMARIN CHASI', '0503237703', 'MAYRA ALEXANDRA PUCUJI GUANOLUISA', '0503496259', 5, 133),
(67, 'DIAZ CARLOS', '1721895181', '1992-02-07', 'qUITO', 'sALCEDO', 'oRTIZLuis', '1717130148', 'oRTIZLuis', '0503440018', 1, 138),
(68, 'DIAZ EDGAR IVAN', '0599884521', '1992-02-07', 'LATACUNGA', 'sALCEDO', 'oRTIZLuis', '1717130148', 'oRTIZLuis', '0503440018', 1, 138),
(69, 'PEPITO CEVOLLAS', '1885541254', '2012-04-05', 'Latacunga, Av. Amazonas', 'latacunga', 'Burgos Lopez Karina', '1788412632', 'Ordoñez Quirilo', '0541233698', 1, 129),
(70, 'ALCARRAZ TAIPICAÑA MATEO JOSUE', '0504879727', '2011-07-07', 'MULALO - JOSE GUANGO ALTO BARRIO LA LIBERTAD ESQUINA DE UN TRANSFORMADOR', 'COTOPAXI / LATACUNGA / LA MATRIZ', '', '', 'ROSA MERCEDES TAIPICAÑA', '0501984371', 1, 104),
(71, 'ANALUIZA TOAQUIZA ALISSON SCARLETH', '1721895182', '2011-07-23', 'BARRIO EL BOLICHE CALLE SIMON BOLIVAR SERCA DEL ESTADIO', 'COTOPAXO /LATACUNGA/LA MATRIZ', '', '', 'CRISTINA MARISOL TOAQUIZA CAIZALITIN', '0503345878', 1, 106),
(72, 'AIMACAÑA CHINCHUÑA NAYELY ESTEFANIA', '1755145750', '2010-10-19', 'EL BOLICHE  CALLE 3 DE MAYO  AUNA CUADRA DEL UPC', 'COTOPAXI / LATACUNGA / LA MATRIZ', 'CAIZA ANALUISA OLASTELITA', '1706037445', 'CHINCHUÑA CAIZA LUZ OFELIA', '0503479206', 2, 102),
(73, 'ALANGASI PILA JHOSTIN SNAYDER', '0504457417', '2011-08-26', 'PASTOCALLE-  VIA A LOS ILINIZAS SECTOR (MATANGO)', 'COTOPAXI /LATACUNGA /LA MATRIZ', 'ALANGASI IZA JUAN CARLOS', '0503155699', 'PILA JACHO LILIANA DEL PILAR', '0503399180', 2, 103),
(74, 'ALCARRAZ TAIPICAÑA MATEO JOSUE', '0504879727', '2011-07-07', 'MULALO - JOSE GUANGO ALTO BARRIO LA LIBERTAD ESQUINA DE UN TRANSFORMADOR', 'COTOPAXI / LATACUNGA / LA MATRIZ', '', '', 'ROSA MERCEDES TAIPICAÑA', '0501984371', 2, 104),
(75, 'ALMACHI PUCUJI STIVEN FERNANDO', '0504665225', '2011-08-20', 'TANDALIVI VIA PRINCIPAL DE LA BRIGADA  A MULALO', 'COTOPAXI / LATACUNGA / LA MATRIZ', 'PUCUJI ALMACHI DIEGO WILFRIDO', '0503157471', 'PUCUJI CHICAIZA MARIA JOSE', '0503597247', 2, 105),
(76, 'ANALUIZA TOAQUIZA ALISSON SCARLETH', '0550038624', '2011-07-23', 'BARRIO EL BOLICHE CALLE SIMON BOLIVAR SERCA DEL ESTADIO', 'COTOPAXO /LATACUNGA/LA MATRIZ', '', '', 'CRISTINA MARISOL TOAQUIZA CAIZALITIN', '0503345878', 2, 106),
(77, 'BARAHONA QUINAPALLO EMILY VALERIA', '0504616574', '2011-08-16', 'BARRIO CUICUNO FRENTE A LA ESCUELA HERMANOS PAZMIÑO', 'COTOPAXI/LATACUNGA/LA MATRIZ', 'ANGEL BARAHONA', '0502316987', 'MÒNICA QUINAPALLO', '0503088478', 2, 107),
(78, 'CALI LASLUISA JAMILEHT JAHAIRA', '0504867581', '2011-02-01', 'LATACUNGA - COLATOA GRANDE - A 2 CUADRAS DE LA IGLESIA', '', 'CALI TOAPANTA VICTOR GENARO', '0502588286', 'LASLUISA MOLINA MONICA DE LOURDES', '0502366172', 2, 108),
(79, 'CASTRO SAAVEDRA NAIMA DALETH', '0804549012', '2010-10-21', 'VIVIENDA FISCAL BRIGADA PATRIA No. 124', 'ESMERALDAS/ ESMERALDAS/ ESMERALDAS', 'CASTRO ZAMORA LUIS GONZALO', '0802701193', 'SAAVEDRA KLINGER BETTY NARCISA', '0802523613', 2, 109),
(80, 'CATOTA GALLEGOS EVELYN JULEXI', '2350149296', '2011-12-26', 'VILLA BRIGADA PATRIA Nº 24 NORTE', 'SATO DOMINGO DE TSACHILA/SANTO DOMINGO', 'CATOTA CATOTA LUIS ALFREDO', '0502199193', 'GALLEGOS PUNTE ELISA MARGOTH', '0502818693', 2, 110),
(81, 'CHANGOLUISA CATOTA EMILY MAITE', '0550619605', '2011-03-21', 'TANICUCHI BARRIO GOTERAS 5 DE JUNIO A LADO DE LA OSTERIA QUINTA COLORADA', 'COTOPAXI / LATACUNGA / LA MATRIZ', 'CHANGOLUISA QUISHPE GUILLERMO DAVID', '0503879966', 'CATOTA ERIKA', '0503229106', 2, 111),
(82, 'CHICAIZA IZA DOMENICA BELEN', '0550206577', '2011-05-27', 'PASTOCALLE BARRIO SAN BARTOLOME A 1 CUADRA DEL ESTADIO', 'COTOPAIX/LATACUNGA/LA MATRIZ', 'CHICAIZA PILATASIG WASHINGTON GEOVANY', '0502789928', 'IZA SANCHEZ CARMEN BEATRIZ', '0502789936', 2, 112),
(83, 'CHICAIZA IZA MATIAS SEBASTIAN', '0504448713', '2011-06-24', 'PASTOCALLE BARRIO SAN BARTALOME JUNTO AL ESTADIO', 'COTOPAXI / LATACUNGA / LA MATRIZ', 'CHICAIZA PILATASIG EDISON JAVIER', '0503081648', 'IZA SANCHEZ SILVIA VIVIANA', '0503185142', 2, 113),
(84, 'CHIMBA CRUZ MELANY BELEN', '0550341713', '2010-11-18', 'ALAQUEZ VIA 10 DE AGOSTO ALADO ASERRADERO', 'COTOPAXI /LATACUNGA /LA MATRIZ', 'CHIMBA GALLO FERNANDO PAUL', '050307103', ' CRUZ REISANCHO CRISTINA MARIBEL', '0503355075', 2, 114),
(85, 'GUAMANGALLO SIMBA KATHERIN DAYANA', '0504729898', '2011-08-04', 'LAIGUA DE MALDONADO CALLE 10 DE AGOSTO JUNTO A LA PESCA DEPORTIVA', 'COTOPAXI/LATACUNGA/LA MATRIZ', 'GUAMANGALLO MOREANO MIGUEL ANGEL', '0502868078', 'SIMBA ANDRANGO GLADYS ABIGAIL', '0503058760', 2, 115),
(86, 'LAMAR TOAQUIZA KERLY GABRIELA', '0550003446', '2011-02-06', 'PASTOCALLE BARRIO CUILCHE SALAS CALLE 7 DE OCTUBRE', 'COTOPAXI / LATACUNGA / LA MATRIZ', 'LAMAR TOAQUIZA LUIS CARLOS', '0502658347', 'TOAQUIZA TOAQUIZA VIVIANA PATRICIA', '0503933715', 2, 116),
(87, 'LARA RAMIREZ OLGA ABIGAIL', '1751520014', '2011-06-20', 'VIVIENDA FISCAL BRIGADA PATRIA No. 23 NORTE', 'PICHINCHA  - QUITO - ITCHIMBIA', 'LARA OCAMPO NEISER ROLANDO', '0201508306', 'RAMIREZ GUZMAN MARGARITA ROCIO', '0201286291', 2, 117),
(88, 'LLANO CHANGO DILAN ISRAEL', '0504707316', '2011-08-24', 'LASSO BARRIO MANCHENO CALLE 3 DE MAYO A 200M DE LA IGLESIA', 'COTOPAXI /LATACUNGA/IGNACIO FLORES', 'LLANO LAMAR PABLO CESAR', '0503091688', 'PAOLA FERNANDA CHANGO LLANO', '0502997067', 2, 118),
(89, 'LLUMIQUINGA YANCHAGUANO FRANKLIN MATEO', '0504884875', '2011-11-21', 'PATUTAN - SECTOR 5 PANAM. NUEVA  LOCAL DE INTERNET ENTRADA A PATUTAN CALLE SIM R', 'COTOPAXI / LATACUNGA / LA MATRIZ', 'LLUMIQUINGA TOAPANTA FRANKLIN VINICIO', '0502813025', 'YANCHAGUANNO YANCHAGUANO BERTHA CECILIA', '0503583072', 2, 119),
(90, 'MARCALLA TOAPANTA GENESIS MAYTE', '0504726498', '2011-09-06', 'PASTOCALLE BARRIO MATANGO A 2KM DEL PARQUE', 'COTOPAXI/LATACUNGA/IGNACIO FLORES', 'MARCALLA QUINOTOA LUIS RODOLFO', '0502517691', 'TOAPANTA CHILIG GLADY GERMANIA', '0502687718', 2, 120),
(91, 'MORA GODOY LUZ JEYLA', '0750105652', '2011-08-20', 'LAIGUA DE MALDONADO AV. 10 DE AGOSTO', 'EL ORO / MACHALA / MACHALA', 'MORA MITE MANUEL', '0704479799', 'GODOY NARVAEZ SAYRA MAGDALENA', '0706471547', 2, 121),
(92, 'PEÑA MURILLO YELITZA NASHELL', '0504339573', '2011-02-09', 'VIVIENDA FISCAL VILLA:  08 SUR', 'LOS RIOS/QUEVEDO/QUEVEDO', 'PEÑA DANNY', '1803348257', 'MURILLO NERCY', '0503416554', 2, 122),
(93, 'PILA CAIZA SNAYDER PAUL', '0550566061', '2011-02-27', 'PASTOCALLE BARRIO CUILCHE SALAS CALLE 7 DE OCTUBRE', 'COTOPAXI/ LATACUNGA/ LA MATRIZ', 'PILA CHICAIZA DANY PAUL', '0503585796', 'NORMA MARINA CAIZA QUINATOA', '0503401804', 2, 123),
(94, 'QUINATOA TOAPANTA ADONIS ISMAEL', '0504455486', '2011-11-30', 'PASTOCALLE -BARRIO PASTO ALTO VIA PRIINCIPAL', '', 'QUINATOA COMASISIN FREDDY RIGOBERTO', '0503040255', 'TOAPANTA CHILIG ENMA MACLOVIA', '0502902315', 2, 124),
(95, 'RIVERA SEVILLA DANNA CORALIA', '0550043947', '2011-11-26', 'LATACUNGA BARRIO EL CALVARIO CALLE ISLA ESPAÑOLA Y SANTA FE', 'COTOPAXI/LATACUNGA/LA MATRIZ', 'RIVERA CUNALATA JOSE RIGOBERTO', '0502510092', 'SEVILLA BRITO DIGNA CECILIA', '0502433469', 2, 125),
(96, 'SANDOVAL SILVA EMILY ALEXANDRA', '1805465950', '2010-12-16', 'VILLAS FISCALES N°', 'TUNGURAHUA/AMBATO/LA MERCED', 'SANDOVAL BETRAN JORGE VALENTIN', '0502383607', 'SILVA RUIZ VERONICA ALEXANDRA', '0502445885', 2, 126),
(97, 'TACO CAICEDO DAYRON JOSE', '1752785384', '2011-01-24', 'PASTOCALLE BARRIO CUILCHE MIÑO CALLE ESPAÑA VIA AL BOLICHE', 'ESPAÑA / ZARAGOZA', 'TACO SHINGON JOSE MARIA', '0501673990', 'CAICEDO VIRACOCHA GABRIELA DEL CARMEN', '1714568779', 2, 127),
(98, 'TAIPE DEFAZ JUAN SEBASTIAN', '1751404946', '2011-07-09', 'CALLE 24 MAYO CENTRO FRENTE AL ASADERO SANTIAGUITO', 'PICHINCHA  - QUITO - CENTRO HISTORICO', 'TAIPE PEÑAFIEL JUAN ALFREDO', '0502387848', 'DEFAZ CATOTA MIRIAN ELIZABETH', '0502177660', 2, 128),
(99, 'TOAPANTA BURGOS JHALISS VALESKA', '1250166038', '2011-08-08', 'VILLAS FISCALES Nº 50', 'EL ORO -  PASEJE - OCHO A LEON MATRIZ', 'TOAPANTA VIRACOCHA SEGUNDO MARIO', '0502311855', 'BURGOS LOPEZ KARINA ALEXANDRA', '1206102095', 2, 129),
(100, 'TOAPANTA PILA NAYELI MISHELL', '0550049142', '2011-02-08', 'BARRIO BOLICHE FRENTE LA DISTRIBUIDORA DE CEMENTO', 'LATACUNGA/SAN JUAN  DE PASTOCALLE', 'EDISON TOAPANTA TOAQUIZA', '0502905631', 'ROSA MAGDALENA PILA LAMAR', '0502674468', 2, 130),
(101, 'VELASCO CHILUISA EDISON MATEO', '0550413405', '2011-04-30', 'TANDALIVI JUNTO A LA CARROCERIA', 'COTOPAXI /LATACUNGA /LA MATRIZ', '', '', 'CHILUISA QUINALUISA MAYRA JACQUELINE', '0502840861', 2, 131),
(102, 'VERA CENTENO JEFFREY ALEXANDER', '1350295349', '2011-12-08', 'VILLAS BRIGADA PATRIA N.- 16', '', 'VERA RIVAS LIBINGTON ALEXANDER', '1204953754', 'CENTENO CENTENO SILVIA YOLANDA', '0603327800', 2, 132),
(103, 'VILLAMARIN PUCUJI KENNY SEBASTIAN', '0550565352', '2011-07-25', 'PIEDRA COLORADA SECTOR AGUA CLARA', 'COTOPAXI/LATACUNGA/LA MATRIZ', 'JORGE ENRIQUE VILLAMARIN CHASI', '0503237703', 'MAYRA ALEXANDRA PUCUJI GUANOLUISA', '0503496259', 2, 133),
(104, 'AIMACAÑA CHINCHUÑA NAYELY ESTEFANIA', '1755145750', '0000-00-00', 'EL BOLICHE  CALLE 3 DE MAYO  AUNA CUADRA DEL UPC', 'COTOPAXI / LATACUNGA / LA MATRIZ', 'CAIZA ANALUISA OLASTELITA', '1706037445', 'CHINCHUÑA CAIZA LUZ OFELIA', '503479206', 4, 139),
(105, 'ALANGASI PILA JHOSTIN SNAYDER', '504457417', '0000-00-00', 'PASTOCALLE-  VIA A LOS ILINIZAS SECTOR (MATANGO)', 'COTOPAXI /LATACUNGA /LA MATRIZ', 'ALANGASI IZA JUAN CARLOS', '503155699', 'PILA JACHO LILIANA DEL PILAR', '503399180', 4, 140),
(106, 'ALCARRAZ TAIPICAÑA MATEO JOSUE', '504879727', '0000-00-00', 'MULALO - JOSE GUANGO ALTO BARRIO LA LIBERTAD ESQUINA DE UN TRANSFORMADOR', 'COTOPAXI / LATACUNGA / LA MATRIZ', '', '', 'ROSA MERCEDES TAIPICAÑA', '501984371', 4, 141),
(107, 'ALMACHI PUCUJI STIVEN FERNANDO', '504665225', '0000-00-00', 'TANDALIVI VIA PRINCIPAL DE LA BRIGADA  A MULALO', 'COTOPAXI / LATACUNGA / LA MATRIZ', 'PUCUJI ALMACHI DIEGO WILFRIDO', '503157471', 'PUCUJI CHICAIZA MARIA JOSE', '503597247', 4, 142),
(108, 'ANALUIZA TOAQUIZA ALISSON SCARLETH', '550038624', '0000-00-00', 'BARRIO EL BOLICHE CALLE SIMON BOLIVAR SERCA DEL ESTADIO', 'COTOPAXO /LATACUNGA/LA MATRIZ', '', '', 'CRISTINA MARISOL TOAQUIZA CAIZALITIN', '503345878', 4, 143),
(109, 'TONATO GABRIELA', '0503340978', '1998-02-10', 'Salcedo', 'Salcedo', 'Tonato Jose', '0559877451', 'Quispe Gloria', '188744512', 4, 144);

-- --------------------------------------------------------

--
-- Estructura de tabla para la tabla `estudiantecomunicado`
--

CREATE TABLE `estudiantecomunicado` (
  `codigo_ec` bigint(10) NOT NULL,
  `codigo_est` bigint(10) DEFAULT NULL,
  `codigo_com` bigint(10) DEFAULT NULL
) ENGINE=InnoDB DEFAULT CHARSET=latin1;

--
-- Volcado de datos para la tabla `estudiantecomunicado`
--

INSERT INTO `estudiantecomunicado` (`codigo_ec`, `codigo_est`, `codigo_com`) VALUES
(7, 104, 4),
(8, 105, 4),
(9, 106, 4),
(10, 107, 4),
(11, 108, 4),
(12, 109, 4),
(13, 109, 5);

-- --------------------------------------------------------

--
-- Estructura de tabla para la tabla `materia`
--

CREATE TABLE `materia` (
  `codigo_mat` bigint(10) NOT NULL,
  `nombre_mat` varchar(100) DEFAULT NULL,
  `codigo_usu` bigint(10) DEFAULT NULL,
  `codigo_cur` bigint(10) DEFAULT NULL
) ENGINE=InnoDB DEFAULT CHARSET=latin1;

--
-- Volcado de datos para la tabla `materia`
--

INSERT INTO `materia` (`codigo_mat`, `nombre_mat`, `codigo_usu`, `codigo_cur`) VALUES
(1, 'Matematicas Discretas', 2, 1),
(2, 'Ciencias Naturales', 2, 1),
(3, 'Quimica', 3, 2),
(4, 'Quimica', 2, 5),
(6, 'Ingles', 2, 5),
(8, 'Matematicas', 3, 4),
(9, 'Inglés', 2, 4),
(12, 'Química I', 3, 1),
(14, 'Ingles', 3, 1),
(15, 'Ciencias Naturales I', 3, 1);

-- --------------------------------------------------------

--
-- Estructura de tabla para la tabla `periodo`
--

CREATE TABLE `periodo` (
  `codigo_per` bigint(10) NOT NULL,
  `nombre_per` varchar(100) DEFAULT NULL,
  `estado_per` tinyint(4) NOT NULL
) ENGINE=InnoDB DEFAULT CHARSET=latin1;

--
-- Volcado de datos para la tabla `periodo`
--

INSERT INTO `periodo` (`codigo_per`, `nombre_per`, `estado_per`) VALUES
(2, '2014-2015', 1),
(6, '2016-2017', 0),
(7, '2017-2018', 0);

-- --------------------------------------------------------

--
-- Estructura de tabla para la tabla `registroasistencia`
--

CREATE TABLE `registroasistencia` (
  `codigo_ra` bigint(10) NOT NULL,
  `estado_ra` tinyint(4) DEFAULT NULL,
  `codigo_asi` bigint(10) DEFAULT NULL,
  `codigo_est` bigint(10) DEFAULT NULL
) ENGINE=InnoDB DEFAULT CHARSET=latin1;

--
-- Volcado de datos para la tabla `registroasistencia`
--

INSERT INTO `registroasistencia` (`codigo_ra`, `estado_ra`, `codigo_asi`, `codigo_est`) VALUES
(1, 0, 31, 2),
(2, 0, 31, 3),
(3, 0, 31, 70),
(4, 0, 31, 4),
(5, 0, 31, 5),
(6, 0, 31, 71),
(7, 0, 31, 6),
(8, 0, 31, 7),
(9, 0, 31, 8),
(10, 0, 31, 9),
(11, 0, 31, 10),
(12, 0, 31, 11),
(13, 0, 31, 12),
(14, 0, 31, 13),
(15, 0, 31, 14),
(16, 0, 31, 15),
(17, 0, 31, 16),
(18, 0, 31, 17),
(19, 0, 31, 18),
(20, 0, 31, 19),
(21, 0, 31, 20),
(22, 0, 31, 21),
(23, 0, 31, 69),
(24, 0, 31, 22),
(25, 0, 31, 23),
(26, 0, 31, 68),
(27, 0, 31, 67),
(28, 0, 31, 24),
(29, 0, 31, 1),
(30, 0, 31, 25),
(31, 0, 31, 26),
(32, 0, 31, 27),
(33, 0, 31, 28),
(34, 0, 31, 29),
(35, 0, 31, 30),
(36, 0, 31, 31),
(37, 0, 31, 32),
(38, 1, 32, 104),
(39, 3, 32, 105),
(40, 1, 32, 106),
(41, 4, 32, 107),
(42, 1, 32, 108),
(48, 1, 34, 104),
(49, 1, 34, 105),
(50, 1, 34, 106),
(51, 1, 34, 107),
(52, 4, 34, 108),
(53, 1, 35, 104),
(54, 1, 35, 105),
(55, 1, 35, 106),
(56, 1, 35, 107),
(57, 1, 35, 108),
(58, 1, 36, 104),
(59, 3, 36, 105),
(60, 2, 36, 106),
(61, 1, 36, 107),
(62, 1, 36, 108),
(63, 4, 36, 109),
(64, 0, 37, 2),
(65, 0, 37, 3),
(66, 0, 37, 70),
(67, 0, 37, 4),
(68, 0, 37, 5),
(69, 0, 37, 71),
(70, 0, 37, 6),
(71, 0, 37, 7),
(72, 0, 37, 8),
(73, 0, 37, 9),
(74, 0, 37, 10),
(75, 0, 37, 11),
(76, 0, 37, 12),
(77, 0, 37, 13),
(78, 0, 37, 14),
(79, 0, 37, 15),
(80, 0, 37, 16),
(81, 0, 37, 17),
(82, 0, 37, 18),
(83, 0, 37, 19),
(84, 0, 37, 20),
(85, 0, 37, 21),
(86, 0, 37, 69),
(87, 0, 37, 22),
(88, 0, 37, 23),
(89, 0, 37, 68),
(90, 0, 37, 67),
(91, 0, 37, 24),
(92, 0, 37, 1),
(93, 0, 37, 25),
(94, 0, 37, 26),
(95, 0, 37, 27),
(96, 0, 37, 28),
(97, 0, 37, 29),
(98, 0, 37, 30),
(99, 0, 37, 31),
(100, 0, 37, 32),
(101, 0, 38, 104),
(102, 0, 38, 105),
(103, 0, 38, 106),
(104, 0, 38, 107),
(105, 0, 38, 108),
(106, 0, 38, 109),
(107, 0, 39, 104),
(108, 0, 39, 105),
(109, 0, 39, 106),
(110, 0, 39, 107),
(111, 0, 39, 108),
(112, 0, 39, 109),
(113, 1, 40, 2),
(114, 1, 40, 3),
(115, 1, 40, 70),
(116, 1, 40, 4),
(117, 1, 40, 5),
(118, 1, 40, 71),
(119, 1, 40, 6),
(120, 1, 40, 7),
(121, 1, 40, 8),
(122, 1, 40, 9),
(123, 1, 40, 10),
(124, 1, 40, 11),
(125, 1, 40, 12),
(126, 1, 40, 13),
(127, 1, 40, 67),
(128, 1, 40, 68),
(129, 1, 40, 14),
(130, 1, 40, 15),
(131, 1, 40, 16),
(132, 1, 40, 17),
(133, 1, 40, 18),
(134, 1, 40, 19),
(135, 1, 40, 20),
(136, 1, 40, 21),
(137, 1, 40, 69),
(138, 1, 40, 22),
(139, 1, 40, 23),
(140, 1, 40, 24),
(141, 1, 40, 1),
(142, 1, 40, 25),
(143, 1, 40, 26),
(144, 1, 40, 27),
(145, 1, 40, 28),
(146, 1, 40, 29),
(147, 1, 40, 30),
(148, 1, 40, 31),
(149, 1, 40, 32),
(150, 1, 41, 104),
(151, 1, 41, 105),
(152, 1, 41, 106),
(153, 1, 41, 107),
(154, 1, 41, 108),
(155, 1, 41, 109);

-- --------------------------------------------------------

--
-- Estructura de tabla para la tabla `usuario`
--

CREATE TABLE `usuario` (
  `codigo_usu` bigint(11) NOT NULL,
  `cedula_usu` varchar(15) DEFAULT NULL,
  `nombre_usu` varchar(45) DEFAULT NULL,
  `apellido_usu` varchar(45) DEFAULT NULL,
  `username_usu` varchar(100) DEFAULT NULL,
  `password_usu` varchar(250) DEFAULT NULL,
  `imagen_usu` varchar(1000) DEFAULT NULL,
  `perfil_usu` varchar(45) DEFAULT NULL,
  `telefono_usu` varchar(15) NOT NULL,
  `estado_usu` tinyint(1) NOT NULL,
  `email_usu` varchar(500) NOT NULL,
  `parentesco_usu` varchar(100) NOT NULL
) ENGINE=InnoDB DEFAULT CHARSET=latin1;

--
-- Volcado de datos para la tabla `usuario`
--

INSERT INTO `usuario` (`codigo_usu`, `cedula_usu`, `nombre_usu`, `apellido_usu`, `username_usu`, `password_usu`, `imagen_usu`, `perfil_usu`, `telefono_usu`, `estado_usu`, `email_usu`, `parentesco_usu`) VALUES
(1, NULL, 'Pepito', 'Cevollas', 'pepito', 'e10adc3949ba59abbe56e057f20f883e', NULL, 'ADMINISTRADOR', '', 1, '', ''),
(2, NULL, 'Marcelo', 'Ortiz', 'marcelo', 'e10adc3949ba59abbe56e057f20f883e', NULL, 'DOCENTE', '', 1, '', ''),
(3, NULL, 'Tania', 'Orquera', 'tania123', 'e10adc3949ba59abbe56e057f20f883e', NULL, 'DOCENTE', '0988745652', 1, 'tania@gmail.com', ''),
(102, '0503479206', 'CHINCHUÑA CAIZA LUZ OFELIA', NULL, '0503479206', '23a485651d9ae74cb22030fbec7686d8', NULL, 'REPRESENTANTE', '0980963217', 1, '', ''),
(103, '0503399180', 'PILA JACHO LILIANA DEL PILAR', NULL, '0503399180', '60a272ab7fa92321aa73654e46f68da2', NULL, 'REPRESENTANTE', '0981281401', 1, '', ''),
(104, '0501984371', 'ROSA MERCEDES TAIPICAÑA', NULL, '0501984371', '79ef08831275951f0251744c4e4ab07d', NULL, 'REPRESENTANTE', '0983164639', 1, '', ''),
(105, '0503157471', 'PUCUJI ALMACHI DIEGO WILFRIDO', NULL, '0503157471', '8af1ffa2a7340cd4c5b53e75d88516ba', NULL, 'REPRESENTANTE', '0983960074', 1, '', ''),
(106, '0503345878', 'CRISTINA MARISOL TOAQUIZA CAIZALITIN', NULL, '0503345878', 'e4047ebab139ca570bfd7987a67562b4', NULL, 'REPRESENTANTE', '0967754974', 1, '', ''),
(107, '0503088478', 'MÒNICA QUINAPALLO', NULL, '0503088478', '60eb21e5be07159eae43fcadbfd05bc4', NULL, 'REPRESENTANTE', '0998737042', 1, '', ''),
(108, '502366172', 'LASLUISA MOLINA MONICA DE LOURDES', NULL, '502366172', '7b83f200d85ab7c62d6642e91478cac7', NULL, 'REPRESENTANTE', '959194450', 1, '', ''),
(109, '0802523613', 'SAAVEDRA KLINGER BETTY NARCISA', NULL, '0802523613', 'ffedcc05aa1cac4c56621329da64d494', NULL, 'REPRESENTANTE', '0939792953', 1, '', ''),
(110, '502818693', 'GALLEGOS PUENTE ELISA MARGOTH - MILITAR', NULL, '502818693', '19054834db26f39adf3f37aa62e4c3fa', NULL, 'REPRESENTANTE', '989555783', 1, '', ''),
(111, '0503229106', 'CATOTA ERIKA', NULL, '0503229106', '7df9dcfbc66ae8e4eb89a2a1f12753f9', NULL, 'REPRESENTANTE', '0998132299', 1, '', ''),
(112, '0502789936', 'IZA SANCHEZ CARMEN BEATRIZ', NULL, '0502789936', '0102457fbaa849073c087ac7ed5d9972', NULL, 'REPRESENTANTE', '032712709', 1, '', ''),
(113, '0503185142', 'IZA SANCHEZ SILVIA VIVIANA', NULL, '0503185142', 'abf08442d07b89f2d7c83f16909905a5', NULL, 'REPRESENTANTE', '0987719105', 1, '', ''),
(114, '0503355075', 'REISANCHO GUANOLUISA MARTHA SUSANA', NULL, '0503355075', 'd4e73e6cec32252fe330abdc42fedaf5', NULL, 'REPRESENTANTE', '0998008159', 1, '', ''),
(115, '0503058760', 'SIMBA ANDRANGO GLADYS ABIGAIL', NULL, '0503058760', '3829be5d2622838f016e8563858b4367', NULL, 'REPRESENTANTE', '0999988870', 1, '', ''),
(116, '0503933715', 'TOAQUIZA TOAQUIZA VIVIANA PATRICIA', NULL, '0503933715', '74f237205a1484d856174b69610481a8', NULL, 'REPRESENTANTE', '0997644544', 1, '', ''),
(117, '0201508306', 'LARA OCAMPO NEISER ROLANDO', NULL, '0201508306', '8c441d7d9a022ae88a02c59662f556e0', NULL, 'REPRESENTANTE', '0980958692', 1, '', ''),
(118, '0502997067', 'CHANGO LLANO PAOLA FERNANDA', NULL, '0502997067', '3686f3fdd4cffcba40ffcc15bb69f3db', NULL, 'REPRESENTANTE', '0998392218', 1, '', ''),
(119, '502813025', 'LLUMIQUINGA TOAPANTA FRANKLIN VINICIO', NULL, '502813025', '4d25e8fcd01f6dee362fbe701d111613', NULL, 'REPRESENTANTE', '998565518', 1, '', ''),
(120, '0502517691', 'MARCALLA QUINOTOA LUIS RODOLFO', NULL, '0502517691', '002def930fa121922ed3b05e20771f0c', NULL, 'REPRESENTANTE', '0998703884', 1, '', ''),
(121, '0706471547', 'GODOY NARVAEZ SAYRA MAGDALENA', NULL, '0706471547', '96eb5171ed14b1065f13acd8deceb1c3', NULL, 'REPRESENTANTE', '0987280942', 1, '', ''),
(122, '0503416554', 'MURILLO NERCY', NULL, '0503416554', '6c44ca2aa15ee7ba2b88d3e46f00bc28', NULL, 'REPRESENTANTE', '0990456745', 1, '', ''),
(123, '0503585796', 'PILA CHICAIZA DANY PAUL', NULL, '0503585796', 'c9e28c71a51f4bae0feaa2351c335e4d', NULL, 'REPRESENTANTE', '0984748957', 1, '', ''),
(124, '502902315', 'TOAPANTA CHILIG ENMA MACLOVIA - MILITAR', NULL, '502902315', 'f6b92af89e31625cb945f9705c4cc0b1', NULL, 'REPRESENTANTE', '984178408', 1, '', ''),
(125, '502433469', 'SEVILLA BRITO DIGNA CECILIA', NULL, '502433469', '0c0fb53a278bd9c1ceed054f4c827fc8', NULL, 'REPRESENTANTE', '984823047', 1, '', ''),
(126, '502445885', 'SILVA RUIZ VERONICA ALEXANDRA', NULL, '502445885', '2a68251a2cd39153427de384d52958f0', NULL, 'REPRESENTANTE', '987783456', 1, '', ''),
(127, '1714568779', 'CAICEDO VIRACOCHA GABRIELA DEL CARMEN', '0', '1714568779', '52ddf4a8bb3ffc494741441b301b3c6c', NULL, 'REPRESENTANTE', '0998438830', 1, 'caicedo@gmail.com', 'Hermano'),
(128, '0502177660', 'DEFAZ CATOTA MIRIAN ELIZABETH', NULL, '0502177660', 'c625411efdd4ec4996a3cb4e8f74df90', NULL, 'REPRESENTANTE', '0995871305', 1, '', ''),
(129, '1206102095', 'BURGOS LOPEZ KARINA ALEXANDRA', '0', '1206102095', '3747d4f4dbbf69029c5cd7cc92560fbd', NULL, 'REPRESENTANTE', '0990929213', 1, 'burgos@gmail.com', 'Madre'),
(130, '0502674468', 'ROSA MAGDALENA PILA LAMAR', NULL, '0502674468', '6432390a6bd8e012c2d79c882c0876e6', NULL, 'REPRESENTANTE', '0987710955', 1, '', ''),
(131, '1002146270', 'SANTANDER AYALA JOSE PABLO', NULL, '1002146270', '0da349a8e34d1fc50e7ae5ca2117b47e', NULL, 'REPRESENTANTE', '0998681297', 1, '', ''),
(132, '603327800', 'CENTENO CENTENO SILVIA YOLANDA', NULL, '603327800', '19ba62fdddbdd0dd3c419612337d71d9', NULL, 'REPRESENTANTE', '994799430', 1, '', ''),
(133, '0501564959', 'MARIA ZOILA GUANOLUISA CALVOPIÑA', NULL, '0501564959', 'd476804c59ef0e8ee9b4496edec915e3', NULL, 'REPRESENTANTE', '', 1, '', ''),
(134, NULL, 'Fausto', 'Viscaino', 'fviscaino', 'e10adc3949ba59abbe56e057f20f883e', NULL, 'DOCENTE', '0988745652', 1, '', ''),
(136, NULL, 'Gustavo', 'Rodriguez', 'gustavo', '123456', NULL, 'DOCENTE', '0988741265', 1, 'gustavo@gmail.com', ''),
(138, '1717130148', 'dIAZ fERNANDO', NULL, '1717130148', '1717130148', NULL, 'REPRESENTANTE', '0998874561', 1, 'lquisaguano@gmail.com', ''),
(139, '503479206', 'CHINCHUÑA CAIZA LUZ OFELIA', NULL, '503479206', 'f83df5ec6e73ca8a7aa655e9cbc4aaea', NULL, 'REPRESENTANTE', '980963217', 1, '', ''),
(140, '503399180', 'PILA JACHO LILIANA DEL PILAR', NULL, '503399180', 'cd00603be354705b5cccddfcea3b1c7b', NULL, 'REPRESENTANTE', '981281401', 1, '', ''),
(141, '501984371', 'ROSA MERCEDES TAIPICAÑA', NULL, '501984371', '38797f8b9a477f641c400cd788564d3b', NULL, 'REPRESENTANTE', '983164639', 1, '', ''),
(142, '503157471', 'PUCUJI ALMACHI DIEGO WILFRIDO', NULL, '503157471', '8a7db1e267ed59f8fc85bd27215215d5', NULL, 'REPRESENTANTE', '983960074', 1, '', ''),
(143, '503345878', 'CRISTINA MARISOL TOAQUIZA CAIZALITIN', NULL, '503345878', '19104dcce81bb0bbb5d0fdcab7d516ab', NULL, 'REPRESENTANTE', '967754974', 1, '', ''),
(144, '0503340978', 'Tonato Jose', NULL, 'josetonato', 'e10adc3949ba59abbe56e057f20f883e', NULL, 'REPRESENTANTE', '0998887456', 1, 'tonato@gmail.com', ''),
(145, NULL, 'Veronica', 'Tapia', 'verito', 'e10adc3949ba59abbe56e057f20f883e', NULL, 'DOCENTE', '0998874412', 1, 'verito@gmail.com', ''),
(147, NULL, 'Alex', 'Cevgallos', 'acevallos', 'e10adc3949ba59abbe56e057f20f883e', NULL, 'DOCENTE', '0998874452', 1, 'alex.cevallos@utc.edu.ec', ''),
(148, NULL, 'Flores', 'Galo', 'gflores', 'e10adc3949ba59abbe56e057f20f883e', NULL, 'DOCENTE', '099887452', 1, 'floresgalo@utc.edu.ec', ''),
(149, '111111', 'aaaaaa', NULL, 'ssssss', 'bbb8aae57c104cda40c93843ad5e6db8', NULL, 'REPRESENTANTE', '11111111111', 1, 'prueba@gmail.com', 'Padre');

--
-- Índices para tablas volcadas
--

--
-- Indices de la tabla `aporte`
--
ALTER TABLE `aporte`
  ADD PRIMARY KEY (`codigo_apo`),
  ADD KEY `aporte_ibfk_1` (`codigo_mat`);

--
-- Indices de la tabla `asistencia`
--
ALTER TABLE `asistencia`
  ADD PRIMARY KEY (`codigo_asi`),
  ADD KEY `codigo_mat` (`codigo_mat`);

--
-- Indices de la tabla `calificacionaporte`
--
ALTER TABLE `calificacionaporte`
  ADD PRIMARY KEY (`codigo_ca`),
  ADD KEY `codigo_apo` (`codigo_apo`),
  ADD KEY `codigo_est` (`codigo_est`);

--
-- Indices de la tabla `calificaciondisciplina`
--
ALTER TABLE `calificaciondisciplina`
  ADD PRIMARY KEY (`codigo_cd`),
  ADD KEY `codigo_dis` (`codigo_dis`),
  ADD KEY `codigo_est` (`codigo_est`);

--
-- Indices de la tabla `comunicado`
--
ALTER TABLE `comunicado`
  ADD PRIMARY KEY (`codigo_com`),
  ADD KEY `codigo_mat` (`codigo_mat`);

--
-- Indices de la tabla `curso`
--
ALTER TABLE `curso`
  ADD PRIMARY KEY (`codigo_cur`),
  ADD KEY `codigo_per` (`codigo_per`),
  ADD KEY `fk_tutor` (`codigo_usu`);

--
-- Indices de la tabla `disciplina`
--
ALTER TABLE `disciplina`
  ADD PRIMARY KEY (`codigo_dis`),
  ADD KEY `codigo_mat` (`codigo_mat`);

--
-- Indices de la tabla `estudiante`
--
ALTER TABLE `estudiante`
  ADD PRIMARY KEY (`codigo_est`),
  ADD KEY `codigo_cur` (`codigo_cur`),
  ADD KEY `codigo_usu` (`codigo_usu`);

--
-- Indices de la tabla `estudiantecomunicado`
--
ALTER TABLE `estudiantecomunicado`
  ADD PRIMARY KEY (`codigo_ec`),
  ADD KEY `codigo_est` (`codigo_est`),
  ADD KEY `codigo_com` (`codigo_com`);

--
-- Indices de la tabla `materia`
--
ALTER TABLE `materia`
  ADD PRIMARY KEY (`codigo_mat`),
  ADD KEY `codigo_usu` (`codigo_usu`),
  ADD KEY `codigo_cur` (`codigo_cur`);

--
-- Indices de la tabla `periodo`
--
ALTER TABLE `periodo`
  ADD PRIMARY KEY (`codigo_per`),
  ADD UNIQUE KEY `nombre_per` (`nombre_per`);

--
-- Indices de la tabla `registroasistencia`
--
ALTER TABLE `registroasistencia`
  ADD PRIMARY KEY (`codigo_ra`),
  ADD KEY `codigo_asi` (`codigo_asi`),
  ADD KEY `codigo_est` (`codigo_est`);

--
-- Indices de la tabla `usuario`
--
ALTER TABLE `usuario`
  ADD PRIMARY KEY (`codigo_usu`),
  ADD UNIQUE KEY `cedula_usu` (`cedula_usu`);

--
-- AUTO_INCREMENT de las tablas volcadas
--

--
-- AUTO_INCREMENT de la tabla `aporte`
--
ALTER TABLE `aporte`
  MODIFY `codigo_apo` bigint(10) NOT NULL AUTO_INCREMENT, AUTO_INCREMENT=4;
--
-- AUTO_INCREMENT de la tabla `asistencia`
--
ALTER TABLE `asistencia`
  MODIFY `codigo_asi` bigint(10) NOT NULL AUTO_INCREMENT, AUTO_INCREMENT=42;
--
-- AUTO_INCREMENT de la tabla `calificacionaporte`
--
ALTER TABLE `calificacionaporte`
  MODIFY `codigo_ca` bigint(10) NOT NULL AUTO_INCREMENT, AUTO_INCREMENT=50;
--
-- AUTO_INCREMENT de la tabla `calificaciondisciplina`
--
ALTER TABLE `calificaciondisciplina`
  MODIFY `codigo_cd` bigint(10) NOT NULL AUTO_INCREMENT, AUTO_INCREMENT=19;
--
-- AUTO_INCREMENT de la tabla `comunicado`
--
ALTER TABLE `comunicado`
  MODIFY `codigo_com` bigint(10) NOT NULL AUTO_INCREMENT, AUTO_INCREMENT=6;
--
-- AUTO_INCREMENT de la tabla `curso`
--
ALTER TABLE `curso`
  MODIFY `codigo_cur` bigint(10) NOT NULL AUTO_INCREMENT, AUTO_INCREMENT=7;
--
-- AUTO_INCREMENT de la tabla `disciplina`
--
ALTER TABLE `disciplina`
  MODIFY `codigo_dis` bigint(10) NOT NULL AUTO_INCREMENT, AUTO_INCREMENT=7;
--
-- AUTO_INCREMENT de la tabla `estudiante`
--
ALTER TABLE `estudiante`
  MODIFY `codigo_est` bigint(10) NOT NULL AUTO_INCREMENT, AUTO_INCREMENT=110;
--
-- AUTO_INCREMENT de la tabla `estudiantecomunicado`
--
ALTER TABLE `estudiantecomunicado`
  MODIFY `codigo_ec` bigint(10) NOT NULL AUTO_INCREMENT, AUTO_INCREMENT=14;
--
-- AUTO_INCREMENT de la tabla `materia`
--
ALTER TABLE `materia`
  MODIFY `codigo_mat` bigint(10) NOT NULL AUTO_INCREMENT, AUTO_INCREMENT=16;
--
-- AUTO_INCREMENT de la tabla `periodo`
--
ALTER TABLE `periodo`
  MODIFY `codigo_per` bigint(10) NOT NULL AUTO_INCREMENT, AUTO_INCREMENT=8;
--
-- AUTO_INCREMENT de la tabla `registroasistencia`
--
ALTER TABLE `registroasistencia`
  MODIFY `codigo_ra` bigint(10) NOT NULL AUTO_INCREMENT, AUTO_INCREMENT=156;
--
-- AUTO_INCREMENT de la tabla `usuario`
--
ALTER TABLE `usuario`
  MODIFY `codigo_usu` bigint(11) NOT NULL AUTO_INCREMENT, AUTO_INCREMENT=150;
--
-- Restricciones para tablas volcadas
--

--
-- Filtros para la tabla `aporte`
--
ALTER TABLE `aporte`
  ADD CONSTRAINT `aporte_ibfk_1` FOREIGN KEY (`codigo_mat`) REFERENCES `materia` (`codigo_mat`) ON UPDATE CASCADE;

--
-- Filtros para la tabla `asistencia`
--
ALTER TABLE `asistencia`
  ADD CONSTRAINT `asistencia_ibfk_1` FOREIGN KEY (`codigo_mat`) REFERENCES `materia` (`codigo_mat`) ON UPDATE CASCADE;

--
-- Filtros para la tabla `calificacionaporte`
--
ALTER TABLE `calificacionaporte`
  ADD CONSTRAINT `calificacionaporte_ibfk_1` FOREIGN KEY (`codigo_apo`) REFERENCES `aporte` (`codigo_apo`) ON DELETE CASCADE ON UPDATE CASCADE,
  ADD CONSTRAINT `calificacionaporte_ibfk_2` FOREIGN KEY (`codigo_est`) REFERENCES `estudiante` (`codigo_est`) ON UPDATE CASCADE;

--
-- Filtros para la tabla `calificaciondisciplina`
--
ALTER TABLE `calificaciondisciplina`
  ADD CONSTRAINT `calificaciondisciplina_ibfk_1` FOREIGN KEY (`codigo_dis`) REFERENCES `disciplina` (`codigo_dis`) ON DELETE CASCADE ON UPDATE CASCADE,
  ADD CONSTRAINT `calificaciondisciplina_ibfk_2` FOREIGN KEY (`codigo_est`) REFERENCES `estudiante` (`codigo_est`) ON UPDATE CASCADE;

--
-- Filtros para la tabla `comunicado`
--
ALTER TABLE `comunicado`
  ADD CONSTRAINT `comunicado_ibfk_1` FOREIGN KEY (`codigo_mat`) REFERENCES `materia` (`codigo_mat`) ON UPDATE CASCADE;

--
-- Filtros para la tabla `curso`
--
ALTER TABLE `curso`
  ADD CONSTRAINT `curso_ibfk_1` FOREIGN KEY (`codigo_per`) REFERENCES `periodo` (`codigo_per`) ON UPDATE CASCADE,
  ADD CONSTRAINT `fk_tutor` FOREIGN KEY (`codigo_usu`) REFERENCES `usuario` (`codigo_usu`) ON DELETE NO ACTION ON UPDATE NO ACTION;

--
-- Filtros para la tabla `disciplina`
--
ALTER TABLE `disciplina`
  ADD CONSTRAINT `disciplina_ibfk_1` FOREIGN KEY (`codigo_mat`) REFERENCES `materia` (`codigo_mat`) ON UPDATE CASCADE;

--
-- Filtros para la tabla `estudiante`
--
ALTER TABLE `estudiante`
  ADD CONSTRAINT `estudiante_ibfk_1` FOREIGN KEY (`codigo_cur`) REFERENCES `curso` (`codigo_cur`) ON UPDATE CASCADE,
  ADD CONSTRAINT `estudiante_ibfk_2` FOREIGN KEY (`codigo_usu`) REFERENCES `usuario` (`codigo_usu`) ON UPDATE CASCADE;

--
-- Filtros para la tabla `estudiantecomunicado`
--
ALTER TABLE `estudiantecomunicado`
  ADD CONSTRAINT `estudiantecomunicado_ibfk_1` FOREIGN KEY (`codigo_est`) REFERENCES `estudiante` (`codigo_est`) ON UPDATE CASCADE,
  ADD CONSTRAINT `estudiantecomunicado_ibfk_2` FOREIGN KEY (`codigo_com`) REFERENCES `comunicado` (`codigo_com`) ON DELETE CASCADE ON UPDATE CASCADE;

--
-- Filtros para la tabla `materia`
--
ALTER TABLE `materia`
  ADD CONSTRAINT `materia_ibfk_1` FOREIGN KEY (`codigo_usu`) REFERENCES `usuario` (`codigo_usu`) ON UPDATE CASCADE,
  ADD CONSTRAINT `materia_ibfk_2` FOREIGN KEY (`codigo_cur`) REFERENCES `curso` (`codigo_cur`) ON UPDATE CASCADE;

--
-- Filtros para la tabla `registroasistencia`
--
ALTER TABLE `registroasistencia`
  ADD CONSTRAINT `registroasistencia_ibfk_1` FOREIGN KEY (`codigo_asi`) REFERENCES `asistencia` (`codigo_asi`) ON DELETE CASCADE,
  ADD CONSTRAINT `registroasistencia_ibfk_2` FOREIGN KEY (`codigo_est`) REFERENCES `estudiante` (`codigo_est`) ON DELETE CASCADE;

/*!40101 SET CHARACTER_SET_CLIENT=@OLD_CHARACTER_SET_CLIENT */;
/*!40101 SET CHARACTER_SET_RESULTS=@OLD_CHARACTER_SET_RESULTS */;
/*!40101 SET COLLATION_CONNECTION=@OLD_COLLATION_CONNECTION */;
